<?xml version="1.0" encoding="UTF-8" ?>
<!DOCTYPE mapper
        PUBLIC "-//mybatis.org//DTD Mapper 3.0//EN"
        "http://mybatis.org/dtd/mybatis-3-mapper.dtd">
<mapper namespace="org.example.vigilanteSystem.mapper.AdministratorMapper">

    <select id="incidentReportList" resultType="org.example.vigilanteSystem.pojo.IncidentReport">
        select * from band.incident_report
        <where>

            <if test="reportId!=null">
                report_id = #{reportId}
            </if>

            <if test="eventType!=null">
                and event_type = #{eventType}
            </if>

            <if test="reviewStatus!=null">
                and review_status = #{reviewStatus}
            </if>

            <if test="startDate!=null">
                and request_time >= #{startDate}
            </if>

            <if test="endDate!=null">
                and request_time &lt;= #{endDate}
            </if>

        </where>
    </select>

    <update id="incidentReportReview">
        update band.incident_report
        set review_status = '已审核',
            reviewer_id = #{reviewerId},
            review_feedback = #{reviewFeedback},
            gmt_modified = now(),
            review_time = now()
        where report_id = #{reportId}
    </update>

    <select id="incidentReportMedia" resultType="Map">
        select media_index AS mediaIndex,storage_path AS storagePath,media_type AS mediaType
        from band.incident_media
        where report_id = #{reportId}
    </select>

    <select id="getIncidentReportById" resultType="org.example.vigilanteSystem.pojo.IncidentReport">
        select * from band.incident_report
        where report_id = #{reportId}
    </select>

    <delete id="incidentReportDelete">
        delete from band.incident_report where report_id = #{reportId}
    </delete>

    <select id="getTotalVigilante">
        select count(*) from band.vigilante
    </select>
    
    <select id="getTotalTeam">
        select count(*) from band.team
    </select>

    <select id="getTotalTask">
        select count(*) from band.task_detail
    </select>

    <select id="getTotalServiceTime">
        select count(service_duration) from band.personal_rank_total
    </select>

    <select id="getUnfinishedRegister">
        select count(*) from band.vigilante_registration_review
        where review_status = '待审核'
    </select>

    <select id="getUnfinishedTask">
        select count(*) from band.task_application
        where review_status = '待审核'
    </select>

    <select id="getUnfinishedReport">
        select count(*) from band.incident_report
        where review_status = '待审核'
    </select>

    <select id="personalInfo" resultType="map">
        select email AS email,
               password AS password,
               name AS name,
               id_card_number AS idCardNumber,
               police_number AS policeNumber,
               admin_id AS adminId
            from band.admin
        where admin_id = #{adminId}
    </select>

    <select id="findMaxAdminId">
        select MAX(admin_id) from band.admin
    </select>

    <insert id="addNotification">
        insert into band.admin_notification(notification_type, content)
        values (#{notificationType},#{content})
    </insert>

    <select id="notificationList" resultType="map">
        select notification_id AS notificationId,
               notification_type AS notificationType,
               content AS content,
               DATE_FORMAT(band.admin_notification.gmt_create ,'%Y-%m-%d %H:%i' ) AS gmtCreate
            from band.admin_notification
        where read_status = #{readStatus}
    </select>

    <update id="notificationRead">
        update band.admin_notification
        set read_status = '已读',gmt_modified = NOW()
        where notification_id = #{notificationId}
    </update>

</mapper>
