<?xml version="1.0" encoding="UTF-8" ?>
<!DOCTYPE mapper
        PUBLIC "-//mybatis.org//DTD Mapper 3.0//EN"
        "http://mybatis.org/dtd/mybatis-3-mapper.dtd">
<mapper namespace="org.example.vigilanteSystem.mapper.PersonalRankMapper">

    <insert id="addNewVigilante">
        insert into band.personal_rank_month(vigilante_id) values (#{vigilanteId});
        insert into band.personal_rank_quarter(vigilante_id) values (#{vigilanteId});
        insert into band.personal_rank_year(vigilante_id) values (#{vigilanteId});
        insert into band.personal_rank_total(vigilante_id) values (#{vigilanteId});
    </insert>

    <update id="updateDuration">
        update band.personal_rank_month set service_duration = ROUND(service_duration + #{serviceTime},1) where vigilante_id = #{vigilanteId};
        update band.personal_rank_quarter set service_duration = ROUND(service_duration + #{serviceTime},1) where vigilante_id = #{vigilanteId};
        update band.personal_rank_year set service_duration = ROUND(service_duration + #{serviceTime},1) where vigilante_id = #{vigilanteId};
        update band.personal_rank_total set service_duration = ROUND(service_duration + #{serviceTime},1) where vigilante_id = #{vigilanteId};
    </update>

    <select id="monthVigilante" resultType="Map">
        select
            RANK() OVER (ORDER BY band.personal_rank_month.service_duration DESC) AS `rank`,
            service_duration AS serviceDuration,
            real_name AS realName,
            avatar_path AS avatarPath
        from band.personal_rank_month
        JOIN band.vigilante ON personal_rank_month.vigilante_id = vigilante.vigilante_id
        ORDER BY service_duration DESC
    </select>

    <select id="quarterVigilante" resultType="Map">
        select
            RANK() OVER (ORDER BY band.personal_rank_quarter.service_duration DESC) AS `rank`,
            service_duration AS serviceDuration,
            real_name AS realName,
            avatar_path AS avatarPath
        from band.personal_rank_quarter
                 JOIN band.vigilante ON personal_rank_quarter.vigilante_id = vigilante.vigilante_id
        ORDER BY service_duration DESC
    </select>

    <select id="yearVigilante" resultType="Map">
        select
            RANK() OVER (ORDER BY band.personal_rank_year.service_duration DESC) AS `rank`,
            service_duration AS serviceDuration,
            real_name AS realName,
            avatar_path AS avatarPath
        from band.personal_rank_year
                 JOIN band.vigilante ON personal_rank_year.vigilante_id = vigilante.vigilante_id
        ORDER BY service_duration DESC
    </select>

    <select id="totalVigilante" resultType="Map">
        select
            RANK() OVER (ORDER BY band.personal_rank_total.service_duration DESC) AS `rank`,
            service_duration AS serviceDuration,
            real_name AS realName,
            avatar_path AS avatarPath
        from band.personal_rank_total
                 JOIN band.vigilante ON personal_rank_total.vigilante_id = vigilante.vigilante_id
        ORDER BY service_duration DESC
    </select>

    <select id="getPersonalTotalDuration">
        select service_duration from band.personal_rank_total
        where vigilante_id = #{vigilanteId}
    </select>

    <select id="getMyTotalRank">
        select count(*)+1 from band.personal_rank_total
        where service_duration >
              (select service_duration from band.personal_rank_total where vigilante_id = #{vigilanteId})
    </select>

    <select id="durationCounting" resultType="Double">
        select sum(service_duration) from band.personal_rank_total
    </select>

</mapper>