<?xml version="1.0" encoding="UTF-8" ?>
<!DOCTYPE mapper
        PUBLIC "-//mybatis.org//DTD Mapper 3.0//EN"
        "http://mybatis.org/dtd/mybatis-3-mapper.dtd">
<mapper namespace="org.example.vigilanteSystem.mapper.ShoppingMapper">
    <insert id="addProduct">
        insert into band.product
        (product_name,
         product_type,
         image_path,
         provider,
         description,
         required_points,
         stock)
        values (#{productName},
                #{productType},
                #{imagePath},
                #{provider},
                #{description},
                #{requiredPoints},
                #{stock})
    </insert>

    <select id="listOn" resultType="org.example.vigilanteSystem.pojo.Product">
        select * from band.product
        <where>
            <if test="productName!=null">
                product_name = #{productName}
            </if>

            <if test="productType!=null">
                and product_type = #{productType}
            </if>

            <if test="productId!=null">
                and product_id = #{productId}
            </if>

            and product_status = '上架'
        </where>
    </select>

    <select id="listOff" resultType="org.example.vigilanteSystem.pojo.Product">
        select * from band.product
        <where>
            <if test="productName!=null">
                product_name = #{productName}
            </if>

            <if test="productType!=null">
                and product_type = #{productType}
            </if>

            <if test="productId!=null">
                and product_id = #{productId}
            </if>

            and product_status = '下架'
        </where>
    </select>

    <update id="turnStatus">
        update band.product
        set product_status = #{productStatus},gmt_modified = now()
        where product_id = #{productId}
    </update>

    <insert id="addOrder" useGeneratedKeys="true" keyProperty="orderId" keyColumn="order_id">
        insert into band.orders
        (vigilante_id,
         product_id,
         required_points,
         phone_number,
         delivery_address,
         recipient_name,
         notes,
         purchase_quantity,
         order_time)
        values (#{vigilanteId},
                #{productId},
                #{requiredPoints},
                #{phoneNumber},
                #{deliveryAddress},
                #{recipientName},
                #{notes},
                #{purchaseQuantity},
                now())
    </insert>


    <select id="getStock" resultType="Integer">
        select stock from band.product
        where product_id = #{productId}
    </select>

    <select id="getName" resultType="String">
        select product_name from band.product
        where product_id = #{productId}
    </select>

    <update id="changeStock">
        update band.product
        set stock = stock-#{purchaseQuantity},gmt_modified = now()
        where product_id = #{productId} and stock >= #{purchaseQuantity}
    </update>

    <select id="getShoppingRecord" resultType="Map">
        select band.product.product_name AS productName,
               band.product.image_path AS imagePath,
               band.orders.required_points AS requiredPoints,
               band.orders.phone_number AS phoneNumber,
               band.orders.delivery_address AS deliveryAddress,
               band.orders.recipient_name AS recipientName,
               band.orders.status AS status,
               DATE_FORMAT(band.orders.order_time ,'%Y-%m-%d %H:%i' ) AS orderTime,
               DATE_FORMAT(band.orders.post_time,'%Y-%m-%d %H:%i' ) AS postTime,
               DATE_FORMAT(band.orders.signed_time,'%Y-%m-%d %H:%i') AS signedTime,
               band.orders.notes AS notes,
               band.orders.purchase_quantity AS purchaseQuantity,
               band.orders.order_id AS orderId,
               band.orders.recipient_name AS recipientName
        from band.orders JOIN band.product ON band.orders.product_id = band.product.product_id
        where vigilante_id = #{vigilanteId} and status = #{orderStatus}
    </select>


    <update id="signed">
        update band.orders
        set status = '已签收' , signed_time = now() , gmt_modified = now()
        where order_id = #{orderId}
    </update>

    <update id="deliver">
        update band.orders
        set status = '已发货' , post_time = now() , gmt_modified = now()
        where order_id = #{orderId}
    </update>


    <select id="listOrder" resultType="org.example.vigilanteSystem.pojo.Order">
        select orders.* , DATE_FORMAT(order_time, '%Y-%m-%d %H:%i:%s') AS orderTime
        from band.orders
        <where>
            <if test="orderId!=null">
                order_id = #{orderId}
            </if>

            <if test="vigilanteId!=null">
                and vigilante_id = #{vigilanteId}
            </if>

            <if test="productId!=null">
                and product_id = #{productId}
            </if>

            <if test="startTime!=null">
                and order_time >= #{startTime}
            </if>

            <if test="endTime!=null">
                and order_time &lt;= #{endTime}
            </if>

            <if test="status!=null">
                and status = #{status}
            </if>

            <if test="antiStatus!=null">
                and status != #{antiStatus}
            </if>
        </where>
    </select>

    <delete id="deleteProduct">
        delete from band.product
        where product_id = #{productId}
    </delete>

    <update id="modifyProduct" parameterType="org.example.vigilanteSystem.pojo.Product">
        update band.product
        set product_name = #{productName},
            product_type = #{productType},
            image_path = #{imagePath},
            provider = #{provider},
            description = #{description},
            required_points = #{requiredPoints},
            delivery_deadline = #{deliveryDeadline},
            stock = #{stock}
        where product_id = #{productId}
    </update>

    <select id="productPreview">
        select product_name AS productName,
               product_type AS productType,
               image_path AS imagePath
        from band.product
        where product_id = #{productId}
    </select>

    <select id="findUnfinishedOrderByProductId" resultType="boolean">
        select count(*) from band.orders
        where product_id = #{productId} and status != '已签收'
    </select>

</mapper>