<?xml version="1.0" encoding="UTF-8" ?>
<!DOCTYPE mapper
        PUBLIC "-//mybatis.org//DTD Mapper 3.0//EN"
        "http://mybatis.org/dtd/mybatis-3-mapper.dtd">
<mapper namespace="org.example.vigilanteSystem.mapper.TaskMapper">

    <select id="listAll" resultType="org.example.vigilanteSystem.pojo.TaskDetail">
        select band.task_detail.* , team_name AS teamName
        from band.task_detail
            JOIN band.team ON task_detail.team_id = team.team_id
        <where>
            <if test="taskId!=null">
                task_id = #{taskId}
            </if>

            <if test="taskName!=null">
                and task_name = #{taskName}
            </if>

            <if test="taskType!=null">
                and task_type = #{taskType}
            </if>

            <if test="taskDifficulty!=null">
                and task_difficulty = #{taskDifficulty}
            </if>

            <if test="taskStatus!=null">
                and task_status = #{taskStatus}
            </if>

            <if test="startDate!=null">
                and task_date >= #{startDate}
            </if>

            <if test="endDate!=null">
                and task_date &lt;= #{endDate}
            </if>
        </where>
    </select>

    <insert id="apply" useGeneratedKeys="true" keyProperty="taskId" keyColumn="task_id">
        insert into band.task_application
        (task_name,
         task_date,
         task_start_time,
         task_end_time,
         task_type,
         task_location,
         responsible_team,
         limit_number,
         promotional_image_path,
         gmt_create,
         gmt_modified,
         request_time,
         task_content,
         task_description,
         task_difficulty)
        VALUES (#{taskName},
                #{taskDate},
                #{taskStartTime},
                #{taskEndTime},
                #{taskType},
                #{taskLocation},
                #{responsibleTeam},
                #{limitNumber},
                #{promotionalImagePath},
                now(),
                now(),
                now(),
                #{taskContent},
                #{taskDescription},
                #{taskDifficulty})
    </insert>

    <select id="listApplyUnfinished" resultType="org.example.vigilanteSystem.pojo.TaskApplication">
        select * from band.task_application
        <where>
            <if test="taskId!=null">
                task_id = #{taskId}
            </if>

            <if test="taskName!=null">
                and task_name = #{taskName}
            </if>

            <if test="taskType!=null">
                and task_type = #{taskType}
            </if>

            <if test="taskDifficulty!=null">
                and task_difficulty = #{taskDifficulty}
            </if>

            <if test="reviewStatus!=null">
                and review_status = '待审核'
            </if>

            <if test="startDate!=null">
                and task_date >= #{startDate}
            </if>

            <if test="endDate!=null">
                and task_date &lt;= #{endDate}
            </if>
        </where>
    </select>

    <select id="listApplyFinished" resultType="org.example.vigilanteSystem.pojo.TaskApplication">
        select * from band.task_application
        <where>
            <if test="taskId!=null">
                task_id = #{taskId}
            </if>

            <if test="taskName!=null">
                and task_name = #{taskName}
            </if>

            <if test="taskType!=null">
                and task_type = #{taskType}
            </if>

            <if test="taskDifficulty!=null">
                and task_difficulty = #{taskDifficulty}
            </if>

            <if test="reviewStatus!=null">
                and review_status in ('审核通过','审核不通过')
            </if>

            <if test="startDate!=null">
                and task_date >= #{startDate}
            </if>

            <if test="endDate!=null">
                and task_date &lt;= #{endDate}
            </if>
        </where>
    </select>



    <update id="review">
        update band.task_application
        set review_status = #{reviewStatus} , reviewer_id = #{reviewerId} , review_time = now() , gmt_modified = now() , rejection_reason = #{rejectionReason}
        where task_id = #{taskId}
    </update>

    <select id="findByApplicationId" resultType="org.example.vigilanteSystem.pojo.TaskApplication">
        select * from band.task_application
        where task_id = #{taskId}
    </select>

    <select id="findByTaskId" resultType="org.example.vigilanteSystem.pojo.TaskDetail">
        select * from band.task_detail
        where task_id = #{taskId}
    </select>

    <insert id="addTask">
        insert into band.task_detail
        (task_name,
         task_date,
         task_start_time,
         task_end_time,
         task_type,
         task_difficulty,
         task_location,
         team_id,
         participation_method,
         limit_people,
         promotion_image_path,
         task_description,
         task_content)
        VALUES (#{taskName},
                #{taskDate},
                #{taskStartTime},
                #{taskEndTime},
                #{taskType},
                #{taskDifficulty},
                #{taskLocation},
                #{responsibleTeam},
                '所有人可抢单',
                #{limitNumber},
                #{promotionalImagePath},
                #{taskDescription},
                #{taskContent})
    </insert>

    <select id="myTask" resultType="org.example.vigilanteSystem.pojo.TaskDetail">
        select *
        from band.task_detail td
        JOIN band.task_registration tr  on td.task_id = tr.task_id
        JOIN band.team t on td.team_id = t.team_id
        where vigilante_id = #{vigilanteId} and task_status = #{taskStatus}
    </select>

    <select id="myAdminTask" resultType="org.example.vigilanteSystem.pojo.TaskDetail">
        select band.task_detail.*, team_name AS teamName
        from band.task_detail
        JOIN band.team ON task_detail.team_id = team.team_id
        where band.task_detail.team_id = #{teamId} and task_status = #{taskStatus}
    </select>

    <update id="addTaskMember">
        update band.task_detail
        set enrolled_people = enrolled_people + 1 , gmt_modified = now()
        where task_id = #{taskId}
    </update>

    <insert id="sign">
        insert into band.task_registration(task_id, vigilante_id) values (#{taskId},#{vigilanteId})
    </insert>

    <select id="listMembers" resultType="Map">
        select band.vigilante.vigilante_id AS vigilanteId,
               real_name AS realName,
               phone_number AS phoneNumber
        from band.vigilante JOIN band.task_registration
        ON vigilante.vigilante_id = task_registration.vigilante_id
        where task_id = #{taskId}
    </select>

    <select id="ifTimeOverlaps" resultType="boolean">
        select exists
        (
            select * from band.task_detail td
            JOIN band.task_registration tr
            on td.task_id = tr.task_id
            where vigilante_id = #{vigilanteId}
                  and td.task_date = #{taskDate}
                  and
                    (
                       (td.task_start_time &lt;= #{taskEndTime} AND td.task_end_time > #{taskStartTime})
                    )
        )
    </select>

    <select id="findTimeOverlaps" resultType="int">
        select td.task_id from band.task_detail td
        JOIN band.task_registration tr on td.task_id = tr.task_id
        where vigilante_id = #{memberId}
        and td.task_date = #{taskDate}
        and
        (
            (td.task_start_time &lt;= #{taskEndTime} AND td.task_end_time > #{taskStartTime})
        )
    </select>

    <update id="checkIn">
        update band.task_registration
        set check_in_time = now() , gmt_modified = now()
        where task_id = #{taskId} and vigilante_id = #{vigilanteId}
    </update>

    <select id="findTaskRegistration" resultType="Map">
        select check_in_time AS checkInTime,
               check_out_time AS checkOutTime,
               earned_points AS earnedPoints,
               service_time AS serviceTime
        from band.task_registration
        where vigilante_id = #{vigilanteId} and task_id = #{taskId}
    </select>

    <update id="checkOut">
        update band.task_registration
        set check_out_time = #{checkOutTime} , earned_points = #{earnedPoints} , service_time = #{serviceTime} , gmt_modified = now()
        where vigilante_id = #{vigilanteId} and task_id = #{taskId}
    </update>

    <select id="listToRegister" resultType="org.example.vigilanteSystem.pojo.TaskDetail">
        select * from band.task_detail
        JOIN band.team ON task_detail.team_id = team.team_id
        <where>
            <if test= "taskType!=null">
                task_type = #{taskType}
            </if>

            and participation_method = '所有人可抢单'
            and task_id not in (select task_id from band.task_registration where vigilante_id = #{vigilanteId})
            and task_status = '未开始'
        </where>
    </select>

    <update id="reduceTaskMember">
        update band.task_detail
        set enrolled_people = enrolled_people - 1 , gmt_modified = now()
        where task_id = #{taskId} and enrolled_people >= 1
    </update>

    <delete id="cancelSign">
        delete from band.task_registration
        where task_id = #{taskId} and vigilante_id = #{vigilanteId}
    </delete>

    <select id="taskNow" resultType="Map">
        select
            td.task_id AS taskId,
            td.task_name AS taskName,
            td.task_date AS taskDate,
            DATE_FORMAT(td.task_start_time,'%H:%i') AS taskStartTime,
            DATE_FORMAT(td.task_end_time,'%H:%i') AS taskEndTime,
            td.task_location AS taskLocation,
            td.task_difficulty AS taskDifficulty,
            DATE_FORMAT(tr.check_in_time,'%Y-%m-%d %H:%i') AS checkInTime,
            DATE_FORMAT(tr.check_out_time,'%Y-%m-%d %H:%i')   AS checkOutTime,
            tr.earned_points AS earnedPoints,
            tr.service_time AS serviceTime
        from band.task_detail td
            JOIN band.task_registration tr
                ON td.task_id = tr.task_id
        where td.task_status = '正在进行' and vigilante_id = #{vigilanteId}
    </select>

    <insert id="adminTaskAll" parameterType="org.example.vigilanteSystem.pojo.TaskDetail">
        insert into band.task_detail(task_name,
                                     task_date,
                                     task_start_time,
                                     task_type,
                                     task_difficulty,
                                     task_location,
                                     team_id,
                                     participation_method,
                                     limit_people,
                                     promotion_image_path,
                                     task_description,
                                     task_content,
                                     task_end_time)
        values (#{taskName},
                #{taskDate},
                #{taskStartTime},
                #{taskType},
                #{taskDifficulty},
                #{taskLocation},
                #{teamId},
                '所有人可抢单',
                #{limitPeople},
                #{promotionImagePath},
                #{taskDescription},
                #{taskContent},
                #{taskEndTime})
    </insert>

    <insert id="adminTaskAssign" useGeneratedKeys="true" keyProperty="taskId" keyColumn="task_id">
        insert into band.task_detail(task_name,
                                     task_date,
                                     task_start_time,
                                     task_type,
                                     task_difficulty,
                                     task_location,
                                     team_id,
                                     participation_method,
                                     limit_people,
                                     promotion_image_path,
                                     task_description,
                                     task_content,
                                     task_end_time)
        values (#{taskName},
                #{taskDate},
                #{taskStartTime},
                #{taskType},
                #{taskDifficulty},
                #{taskLocation},
                #{teamId},
                '指派队伍',
                #{limitPeople},
                #{promotionImagePath},
                #{taskDescription},
                #{taskContent},
                #{taskEndTime})
    </insert>

    <select id="taskCounting" resultType="int">
        select count(*) from band.task_detail
    </select>

    <select id="myTaskCounting" resultType="int">
        select count(*) from band.task_registration
        where vigilante_id = #{vigilanteId}
    </select>

    <select id="findTaskMember" resultType="String">
        select vigilante_id from band.task_registration
        where task_id = #{taskId} and check_in_time is null
    </select>

    <select id="findAllUnfinishedTask" resultType="int">
        select tr.task_id from band.task_registration tr
        JOIN band.task_detail td on td.task_id = tr.task_id
        where vigilante_id = #{vigilanteId} and td.task_status = '未开始'
    </select>

    <delete id="delete">
        delete from band.task_detail where task_id = #{taskId}
    </delete>

</mapper>