<?xml version="1.0" encoding="UTF-8" ?>
<!DOCTYPE mapper
        PUBLIC "-//mybatis.org//DTD Mapper 3.0//EN"
        "http://mybatis.org/dtd/mybatis-3-mapper.dtd">
<mapper namespace="org.example.vigilanteSystem.mapper.TeamMapper">

    <select id="listTeam" resultType="org.example.vigilanteSystem.pojo.Team">
        select team.*, vigilante.real_name AS captainName, vigilante.phone_number AS captainPhoneNumber
        from band.team JOIN band.vigilante
            ON team.captain_id = vigilante.vigilante_id
        <where>
            <if test="teamId!=null">
                band.team.team_id = #{teamId}
            </if>

            <if test="teamLevel!=null">
                and team_level = #{teamLevel}
            </if>

            <if test="teamName!=null">
                and team_name = #{teamName}
            </if>

            <if test="startTime!=null">
                and establishment_time >= #{startTime}
            </if>

            <if test="endTime!=null">
                and establishment_time &lt;= #{endTime}
            </if>
        </where>
    </select>

    <insert id="establishTeam">
        insert into band.team(team_id,
                              team_size,
                              team_level,
                              team_name,
                              team_description,
                              service_area,
                              captain_id,
                              total_service_duration,
                              band.team.team_avatar_path)
        values (#{teamId},
                #{teamSize},
                #{teamLevel},
                #{teamName},
                #{teamDescription},
                #{serviceArea},
                #{captainId},
                #{serviceDuration},
                COALESCE(#{teamAvatarPath}, 'https://vigilante.oss-cn-shenzhen.aliyuncs.com/ab2972b6-f5b0-4ed7-a209-e6bbd3e143c4.png'))
    </insert>

    <select id="findMaxNum" resultType="String">
        select team_id from band.team
        where team.team_id LIKE CONCAT(#{current_year}, '%')
        ORDER BY team_id DESC LIMIT 1
    </select>

    <update id="modifyAvatar">
        update band.team
        set team_avatar_path = #{url}
        where team_id = #{teamId}
    </update>

    <insert id="joinRequest">
        insert into band.join_request(initiator_vigilante_id, team_id)
        VALUES (#{vigilanteId},#{teamId})
    </insert>

    <select id="findTeamByCaptainId" resultType="org.example.vigilanteSystem.pojo.Team">
        select * from band.team
        where team.captain_id = #{captainId}
    </select>

    <select id="joinRequestList" resultType="Map">
        select request_id AS requestId,
               initiator_vigilante_id AS initiatorVigilanteId,
               join_request.team_id AS teamId,
               review_result AS reviewResult,
               real_name AS realName,
               phone_number AS phoneNumber,
               gender As gender,
               workplace AS workplace,
               occupation AS occupation,
               political_status AS politicalStatus,
               education AS education,
               expertise AS expertise,
               commitment_path AS commitmentPath,
               id_front_path AS id_front_path,
               id_back_path AS id_back_path,
               avatar_path AS avatar_path,
               DATE_FORMAT(join_request.request_time,'%Y-%m-%d %H:%i') AS requestTime,
               DATE_FORMAT(join_request.review_time,'%Y-%m-%d %H:%i') AS reviewTime
        from band.join_request JOIN band.vigilante
        ON join_request.initiator_vigilante_id = vigilante.vigilante_id
        where band.join_request.team_id = #{teamId} and band.join_request.review_result = #{reviewResult}
    </select>

    <update id="addTeamSize">
        update band.team
        set team_size = team_size+1
        where team_id = #{teamId}
    </update>

    <update id="reduceTeamSize">
        update band.team
        set team_size = team_size-1
        where team_id = #{teamId}
    </update>

    <update id="joinRequestReview">
        update band.join_request
        set review_result = #{reviewResult} , review_time = now() , gmt_modified = now()
        where request_id = #{requestId}
    </update>

    <select id="findByTeamId" resultType="org.example.vigilanteSystem.pojo.Team">
        select team.* , vigilante.real_name AS captainName, vigilante.phone_number AS captainPhoneNumber
        from band.team JOIN band.vigilante ON team.captain_id = vigilante.vigilante_id
        where band.team.team_id = #{teamId}
    </select>

    <select id="getCaptainIdByTeamId" resultType="String">
        select captain_id from band.team
        where team_id = #{teamId}
    </select>

    <update id="kickOut">
        update band.vigilante
        set team_id = null
        where vigilante_id = #{vigilanteId}
    </update>

    <update id="addDuration">
        update band.team
        set total_service_duration = ROUND(total_service_duration + #{serviceTime},1)
        where team_id = #{teamId}
    </update>

    <select id="findMembers" resultType="String">
        select vigilante_id  from band.vigilante
        where team_id = #{teamId}
    </select>

    <select id="teamCounting" resultType="int">
        select count(*) from band.team
    </select>

    <update id="modifyDescription">
        update band.team
        set team_description = #{description}
        where team_id = #{teamId}
    </update>

    <update id="changeCaptain">
        update band.team
        set captain_id = #{newCaptainId}
        where team_id = #{teamId}
    </update>

    <select id="ifJoinRequest" resultType="boolean">
        select count(*) from band.join_request
        where initiator_vigilante_id = #{vigilanteId} and review_result = '待审核' and team_id = #{teamId}
    </select>

    <select id="ifTimeOverlaps" resultType="boolean">
        select exists
                   (
                       select * from band.task_detail td
                       where team_id = #{teamId}
                         and td.task_date = #{taskDate}
                         and participation_method = '指派队伍'
                         and
                           (
                               (td.task_start_time &lt;= #{taskEndTime} AND td.task_end_time > #{taskStartTime})
                           )
                   )
    </select>

</mapper>