<?xml version="1.0" encoding="UTF-8" ?>
<!DOCTYPE mapper
        PUBLIC "-//mybatis.org//DTD Mapper 3.0//EN"
        "http://mybatis.org/dtd/mybatis-3-mapper.dtd">
<mapper namespace="org.example.vigilanteSystem.mapper.TeamRankMapper">

    <update id="updateDuration">
        update band.team_rank_month set service_duration = ROUND(service_duration + #{serviceTime},1) where team_id = #{teamId};
        update band.team_rank_quarter set service_duration = ROUND(service_duration + #{serviceTime},1) where team_id = #{teamId};
        update band.team_rank_year set service_duration = ROUND(service_duration + #{serviceTime},1) where team_id = #{teamId};
        update band.team_rank_total set service_duration = ROUND(service_duration + #{serviceTime},1) where team_id = #{teamId};
    </update>

    <insert id="addNewTeam">
        insert into band.team_rank_month(team_id,service_duration) values (#{teamId},#{serviceDuration});
        insert into band.team_rank_quarter(team_id,service_duration) values (#{teamId},#{serviceDuration});
        insert into band.team_rank_year(team_id,service_duration) values (#{teamId},#{serviceDuration});
        insert into band.team_rank_total(team_id,service_duration) values (#{teamId},#{serviceDuration});
    </insert>

    <select id="monthTeam" resultType="Map">
        select
            RANK() OVER (ORDER BY band.team_rank_month.service_duration DESC) AS `rank`,
            service_duration AS serviceDuration,
            team_name AS teamName,
            team_avatar_path AS teamAvatarPath
        from band.team_rank_month
                 JOIN band.team ON team_rank_month.team_id = team.team_id
        ORDER BY service_duration DESC
    </select>

    <select id="quarterTeam" resultType="Map">
        select
            RANK() OVER (ORDER BY band.team_rank_quarter.service_duration DESC) AS `rank`,
            service_duration AS serviceDuration,
            team_name AS teamName,
            team_avatar_path AS teamAvatarPath
        from band.team_rank_quarter
                 JOIN band.team ON team_rank_quarter.team_id = team.team_id
        ORDER BY service_duration DESC
    </select>

    <select id="yearTeam" resultType="Map">
        select
            RANK() OVER (ORDER BY band.team_rank_year.service_duration DESC) AS `rank`,
            service_duration AS serviceDuration,
            team_name AS teamName,
            team_avatar_path AS teamAvatarPath
        from band.team_rank_year
                 JOIN band.team ON team_rank_year.team_id = team.team_id
        ORDER BY service_duration DESC
    </select>

    <select id="totalTeam" resultType="Map">
        select
            RANK() OVER (ORDER BY band.team_rank_total.service_duration DESC) AS `rank`,
            service_duration AS serviceDuration,
            team_name AS teamName,
            team_avatar_path AS teamAvatarPath
        from band.team_rank_total
                 JOIN band.team ON team_rank_total.team_id = team.team_id
        ORDER BY service_duration DESC
    </select>


</mapper>