<?xml version="1.0" encoding="UTF-8" ?>
<!DOCTYPE mapper
        PUBLIC "-//mybatis.org//DTD Mapper 3.0//EN"
        "http://mybatis.org/dtd/mybatis-3-mapper.dtd">
<mapper namespace="org.example.vigilanteSystem.mapper.VigilanteNotificationMapper">

    <insert id="add">
        insert into band.vigilante_notification
        (vigilante_id,
         notification_type,
         content,
         send_time)
        values (#{vigilanteId},
                #{notificationType},
                #{content},
                now())
    </insert>


    <select id="message" resultType="Map">
        select
            notification_id AS notificationId,
            notification_type AS notificationType,
            content AS content,
            read_status AS readStatus,
            send_time AS sendTime
        from band.vigilante_notification
        where vigilante_id = #{vigilanteId} and read_status = #{readStatus}
    </select>

    <delete id="deleteMessage">
        delete from band.vigilante_notification
        where notification_id = #{notificationId}
    </delete>

    <update id="readMessage">
        update band.vigilante_notification
        set read_status = '已读'
        where notification_id = #{notificationId}
    </update>

</mapper>
