<?xml version="1.0" encoding="UTF-8" ?>
<!DOCTYPE mapper
        PUBLIC "-//mybatis.org//DTD Mapper 3.0//EN"
        "http://mybatis.org/dtd/mybatis-3-mapper.dtd">
<mapper namespace="org.example.vigilanteSystem.mapper.VigilanteMapper">
    <select id="list" resultType="org.example.vigilanteSystem.pojo.Vigilante">
        select * from vigilante
        <where>
            <if test="name!=null">
                real_name = #{name}
            </if>

            <if test="idCard!=null">
                and id_number = #{idCard}
            </if>

            <if test="id!=null">
                and vigilante_id = #{id}
            </if>

            <if test="phoneNumber!=null">
                and phone_number = #{phoneNumber}
            </if>

            <if test="startDate!=null">
                and registration_time >= #{startDate}
            </if>

            <if test="endDate!=null">
                and registration_time &lt;= #{endDate}
            </if>
        </where>
    </select>

    <select id="findMaxNum" resultType="String">
        select vigilante_id from band.vigilante
        where vigilante_id LIKE CONCAT(#{currentYear}, '%')
        ORDER BY vigilante_id DESC LIMIT 1
    </select>

    <insert id="add">
        insert into band.vigilante
        (vigilante_id,
         real_name,
         id_number,
         phone_number,
         gender,
         workplace,
         occupation,
         political_status,
         education,
         expertise,
         commitment_path,
         id_front_path,
         id_back_path,
         openid,
         avatar_path,
         nickname)
        values (#{vigilanteId},
                #{vrr.name},
                #{vrr.idCardNumber},
                #{vrr.phoneNumber},
                #{vrr.gender},
                #{vrr.workPlace},
                #{vrr.occupation},
                #{vrr.politicalStatus},
                #{vrr.education},
                #{vrr.expertise},
                #{vrr.commitmentLetterPath},
                #{vrr.idCardFrontPath},
                #{vrr.idCardBackPath},
                #{openid},
                #{avatarPath},
                #{nickName})

    </insert>

    <delete id="delete">
        delete from band.vigilante
        where vigilante_id = #{id}
    </delete>

    <select id="getAvailablePoints" resultType="Integer">
        select available_points from band.vigilante
        where vigilante_id = #{vigilanteId}
    </select>

    <update id="changeAvailablePoints">
        update band.vigilante
        set available_points = available_points + #{availablePoints}
        where vigilante_id = #{vigilanteId}
    </update>

    <select id="listNoTeam" resultType="Map">
        select vigilante_id As vigilanteId, avatar_path AS avatarPath, real_name AS realName
        from band.vigilante
        where team_id IS NULL
    </select>

    <select id="listSpecificTeam" resultType="Map">
        select vigilante_id As vigilanteId, avatar_path AS avatarPath, real_name AS realName, vigilante.nickname AS nickName
        from band.vigilante
        where team_id = #{teamId} and vigilante_id != #{captainId}
    </select>

    <select id="teamCaptain" resultType="Map">
        select vigilante_id As vigilanteId, avatar_path AS avatarPath, real_name AS realName, vigilante.nickname AS nickName
        from band.vigilante
        where vigilante_id = #{captainId}
    </select>

    <update id="joinTeam">
        update band.vigilante
        set team_id = #{teamId}
        where vigilante_id = #{vigilanteId}
    </update>

    <update id="dropTeam">
        update band.vigilante
        set team_id = null,gmt_modified = now()
        where vigilante_id = #{vigilanteId}
    </update>

    <select id="findByOpenid" resultType="org.example.vigilanteSystem.pojo.Vigilante">
        select * from band.vigilante
        where openid = #{openid}
    </select>

    <select id="findById" resultType="org.example.vigilanteSystem.pojo.Vigilante">
        select * from band.vigilante
        where vigilante_id = #{vigilanteId}
    </select>

    <select id="message" resultType="Map">
        select
            notification_id AS notificationId,
            notification_type AS notificationType,
            content AS content,
            read_status AS readStatus,
            DATE_FORMAT(vn.send_time ,'%Y-%m-%d %H:%i' ) AS sendTime
        from band.vigilante_notification AS vn
        where vigilante_id = #{vigilanteId}
    </select>

    <select id="vigilanteCounting" resultType="int">
        select count(*) from band.vigilante
    </select>

    <select id="isCaptain" resultType="boolean">
        select count(*) > 0
        from band.team
        where captain_id = #{captainId}
    </select>

    <insert id="incidentReportVigilante" useGeneratedKeys="true" keyProperty="reportId" keyColumn="report_id">
        insert into band.incident_report(event_type,
                                         location,
                                         police_station,
                                         detailed_address,
                                         content_description,
                                         reporter_type,
                                         vigilante_id,
                                         request_time)
        values (#{eventType},
                #{location},
                #{policeStation},
                #{detailedAddress},
                #{contentDescription},
                '义警',
                #{vigilanteId},
                now())
    </insert>

    <insert id="incidentMediaVigilante">
        insert into band.incident_media(report_id,
                                        media_index,
                                        media_type,
                                        storage_path)
        values (#{reportId},
                #{mediaIndex},
                #{mediaType},
                #{storagePath})
    </insert>

    <select id="incidentReportRecordVigilante" resultType="org.example.vigilanteSystem.pojo.IncidentReport">
        select ir.* , a.name AS reviewerName
        from band.incident_report AS ir
        LEFT JOIN band.admin AS a ON ir.reviewer_id = admin_id
        where vigilante_id = #{vigilanteId} and review_status = #{reviewStatus}
    </select>

    <select id="incidentMediaRecordVigilante" resultType="Map">
        select media_index AS mediaIndex,storage_path AS storagePath,media_type AS mediaType
        from band.incident_media
        where report_id = #{reportId}
    </select>

    <select id="findDailyCirclePoints">
        select daily_circle_points from band.vigilante
        where vigilante_id = #{vigilanteId}
    </select>

    <insert id="publishDynamic" useGeneratedKeys="true" keyProperty="dynamicId" keyColumn="dynamic_id">
        insert into band.vigilante_circle_dynamic(vigilante_id, content, location)
        values (#{vigilanteId},#{content},#{location})
    </insert>

    <insert id="dynamicMedia">
        insert into band.vigilante_circle_image(dynamic_id, image_index, storage_path,type)
        VALUES(#{dynamicId},#{i},#{storagePath},#{mediaType})
    </insert>

    <insert id="like">
        insert into band.vigilante_circle_like(dynamic_id, vigilante_id)
        values (#{dynamicId},#{vigilanteId})
    </insert>

    <insert id="comment">
        insert into band.vigilante_circle_comment(dynamic_id, vigilante_id, comment_content, comment_time)
        VALUES (#{dynamicId},#{vigilanteId},#{commentContent},now())
    </insert>

    <select id="dynamicList" resultType="Map">
        select dynamic_id AS dynamicId,
               vigilante_id AS vigilanteId,
               content AS content,
               location AS location,
               DATE_FORMAT(vcd.gmt_create ,'%Y-%m-%d %H:%i' ) AS createTime
        from band.vigilante_circle_dynamic AS vcd
        order by gmt_create desc
    </select>

    <select id="dynamicListMyself" resultType="Map">
        select dynamic_id AS dynamicId,
               vigilante_id AS vigilanteId,
               content AS content,
               location AS location,
               DATE_FORMAT(vcd.gmt_create ,'%Y-%m-%d %H:%i' ) AS createTime
        from band.vigilante_circle_dynamic AS vcd
        where vigilante_id = #{vigilanteId}
        order by gmt_create desc
    </select>

    <select id="getDynamicMedia" resultType="Map">
        select image_index AS imageIndex,
               storage_path AS storagePath,
               type AS type
            from band.vigilante_circle_image
        where dynamic_id = #{dynamicId}
    </select>

    <select id="getDynamicLike">
        select nickname from band.vigilante_circle_like
            JOIN band.vigilante ON vigilante_circle_like.vigilante_id = vigilante.vigilante_id
        where dynamic_id = #{dynamicId}
    </select>

    <select id="getDynamicComment">
        select nickname        AS nickname,
               comment_content AS commentContent
        from band.vigilante_circle_comment
                 JOIN band.vigilante ON vigilante_circle_comment.vigilante_id = vigilante.vigilante_id
        where dynamic_id = #{dynamicId}
        order by comment_time
    </select>

    <select id="isLike" resultType="boolean">
        select count(*) from band.vigilante_circle_like
        where dynamic_id = #{dynamicId} and vigilante_id = #{vigilanteId}
    </select>

    <delete id="cancelLike">
        delete from band.vigilante_circle_like
        where vigilante_id = #{vigilanteId} and dynamic_id = #{dynamicId}
    </delete>

    <select id="getDynamicById" resultType="boolean">
        select count(*) from band.vigilante_circle_dynamic
        where dynamic_id = #{dynamicId}
    </select>

    <delete id="dynamicDelete">
        delete from band.vigilante_circle_dynamic where dynamic_id = #{dynamicId}
    </delete>

    <update id="personalInfoModify">
        update  band.vigilante
        set nickname = #{nickname},
            phone_number = #{phoneNumber},
            gender = #{gender},
            workplace = #{workplace},
            occupation = #{occupation},
            political_status = #{politicalStatus},
            education = #{education},
            expertise = #{expertise},
            avatar_path = #{avatarPath}
        where vigilante_id = #{vigilanteId}
    </update>

    <select id="findIncidentReportById" resultType="boolean">
        select count(*) from band.incident_report
        where report_id = #{reportId}
    </select>

    <delete id="incidentReportDelete">
        delete from band.incident_report
        where report_id = #{reportId}
    </delete>

    <select id="findIncidentReportStatusById">
        select review_status from band.incident_report
        where report_id = #{reportId}
    </select>

    <select id="findIncidentReportMediaById" resultType="boolean">
        select count(*) from band.incident_media
        where report_id = #{reportId}
    </select>

    <select id="durationList" resultType="map">
        select tr.service_time   AS serviceTime,
               DATE_FORMAT(tr.check_out_time ,'%Y-%m-%d %H:%i' ) AS checkOutTime,
               DATE_FORMAT(tr.check_in_time ,'%Y-%m-%d %H:%i' )  AS checkInTime,
               td.task_name AS taskName
        from band.task_registration AS tr
        JOIN band.task_detail td on tr.task_id = td.task_id
        where vigilante_id = #{vigilanteId}
          and check_out_time IS NOT NULL
          and check_in_time IS NOT NULL
    </select>

    <select id="ifUnfinishedTask" resultType="boolean">
        select count(*) from band.task_registration AS tr
        JOIN band.task_detail AS td ON tr.task_id = td.task_id
        where tr.vigilante_id = #{vigilanteId} and td.task_status IN ('未开始','正在进行')
    </select>

    <select id="isPhoneNumberRepeated" resultType="boolean">
        select count(*) from band.vigilante
        where vigilante_id != #{vigilanteId} and phone_number = #{phoneNumber}
    </select>

    <update id="changeStatus">
        update band.vigilante
        set vigilante_status = #{vigilanteStatus}
        where vigilante_id = #{vigilanteId}
    </update>

    <select id="messageCount" resultType="int">
        select count(*) from band.vigilante_notification
        where vigilante_id = #{vigilanteId} and read_status = '未读'
    </select>

</mapper>