<?xml version="1.0" encoding="UTF-8" ?>
<!DOCTYPE mapper
        PUBLIC "-//mybatis.org//DTD Mapper 3.0//EN"
        "http://mybatis.org/dtd/mybatis-3-mapper.dtd">
<mapper namespace="org.example.vigilanteSystem.mapper.VigilanteRegistrationReviewMapper">
    <select id="listUnfinished" resultType="org.example.vigilanteSystem.pojo.VigilanteRegistrationReview">
            select * from band.vigilante_registration_review
            <where>
                <if test="name!=null">
                    name = #{name}
                </if>

                <if test="idCard!=null">
                    and id_card_number = #{idCard}
                </if>

                <if test="id!=null">
                    and registration_id = #{id}
                </if>

                <if test="phoneNumber!=null">
                    and phone_number = #{phoneNumber}
                </if>

                <if test="startTime!=null">
                    and request_time >= #{startTime}
                </if>

                <if test="endTime!=null">
                    and request_time &lt;= #{endTime}
                </if>

                and review_status = '待审核'
            </where>
    </select>

    <select id="listFinished" resultType="org.example.vigilanteSystem.pojo.VigilanteRegistrationReview">
        select * from vigilante_registration_review
        <where>
            <if test="name!=null">
                name = #{name}
            </if>

            <if test="idCard!=null">
                and id_card_number = #{idCard}
            </if>

            <if test="id!=null">
                and registration_id = #{id}
            </if>

            <if test="phoneNumber!=null">
                and phone_number = #{phoneNumber}
            </if>

            <if test="startTime!=null">
                and request_time >= #{startTime}
            </if>

            <if test="endTime!=null">
                and request_time &lt;= #{endTime}
            </if>

            and review_status in ('审核通过','审核不通过')
        </where>
    </select>

    <update id="review">
            update band.vigilante_registration_review
            set review_status = #{status} , reviewer_name = #{reviewerName} , reviewer_id = #{reviewerId},
                <if test="rejectionReason!=null">
                rejection_reason = #{rejectionReason} ,
                </if>
                review_time = now()
            where registration_id = #{id}
    </update>

    <select id="get">
            select * from band.vigilante_registration_review
            where registration_id = #{id}
    </select>

    <delete id="delete">
        delete from band.vigilante_registration_review
        where registration_id = #{id}
    </delete>

    <insert id="add">
        insert into band.vigilante_registration_review
        (name,
         id_card_number,
         gender,
         phone_number,
         political_status,
         workplace,
         occupation,
         education,
         expertise,
         commitment_letter_path,
         id_card_front_path,
         id_card_back_path,
         request_time,
         visitor_id)
        values (#{name},
                #{idCardNumber},
                #{gender},
                #{phoneNumber},
                #{politicalStatus},
                #{workPlace},
                #{occupation},
                #{education},
                #{expertise},
                #{commitmentLetterPath},
                #{idCardFrontPath},
                #{idCardBackPath},
                now(),
                #{visitorId})
    </insert>

    <select id="isPhoneNumberRepeated" resultType="boolean">
        select count(*) from band.vigilante
        where phone_number = #{phoneNumber}
    </select>

    <select id="ifSubmit" resultType="boolean">
        select count(*) from band.vigilante_registration_review
        where visitor_id = #{visitorId} and review_status = '待审核'
    </select>

</mapper>