<?xml version="1.0" encoding="UTF-8" ?>
<!DOCTYPE mapper
        PUBLIC "-//mybatis.org//DTD Mapper 3.0//EN"
        "http://mybatis.org/dtd/mybatis-3-mapper.dtd">
<mapper namespace="org.example.vigilanteSystem.mapper.VisitorMapper">

    <select id="findByOpenid" resultType="org.example.vigilanteSystem.pojo.Visitor">
        select * from band.visitor
        where openid = #{openid}
    </select>

    <select id="findMaxVisitorId" resultType="String">
        select MAX(visitor_id) from band.visitor
    </select>

    <insert id="addVisitor">
        insert into band.visitor(nickname, avatar_path, visitor_id, openid)
        VALUES (#{nickName},#{avatarPath},#{visitorId},#{openid})
    </insert>

    <select id="getOpenid" resultType="String">
        select openid from band.visitor
        where visitor_id = #{visitorId}
    </select>

    <update id="loginFirst">
        update band.visitor
        set nickname = #{nickName} , avatar_path = #{avatarPath}
        where visitor_id = #{visitorId}
    </update>

    <select id="message" resultType="Map">
        select
            notification_id AS notificationId,
            notification_type AS notificationType,
            content AS content,
            read_status AS readStatus,
            DATE_FORMAT(vn.send_time ,'%Y-%m-%d %H:%i' ) AS sendTime
        from band.visitor_notification AS vn
        where visitor_id = #{visitorId} and read_status = #{readStatus}
    </select>

    <delete id="deleteMessage">
        delete from band.visitor_notification
        where notification_id = #{notificationId}
    </delete>

    <update id="readMessage">
        update band.visitor_notification
        set read_status = '已读'
        where notification_id = #{notificationId}
    </update>

    <select id="getAvatarPath" resultType="String">
        select avatar_path from band.visitor
        where visitor_id = #{visitorId}
    </select>

    <select id="getNickName" resultType="String">
        select nickname from band.visitor
        where visitor_id = #{visitorId}
    </select>

    <insert id="incidentReportVisitor" useGeneratedKeys="true" keyProperty="reportId" keyColumn="report_id">
        insert into band.incident_report(event_type,
                                         location,
                                         police_station,
                                         detailed_address,
                                         content_description,
                                         reporter_type,
                                         visitor_id,
                                         request_time)
        values (#{eventType},
                #{location},
                #{policeStation},
                #{detailedAddress},
                #{contentDescription},
                '游客',
                #{visitorId},
                now())
    </insert>

    <insert id="incidentMediaVisitor">
        insert into band.incident_media(report_id,
                                        media_index,
                                        media_type,
                                        storage_path)
        values (#{reportId},
                #{mediaIndex},
                #{mediaType},
                #{storagePath})
    </insert>

    <select id="incidentReportRecordVisitor" resultType="org.example.vigilanteSystem.pojo.IncidentReport">
        select ir.* , a.name AS reviewerName
        from band.incident_report AS ir
        LEFT JOIN band.admin AS a ON ir.reviewer_id = a.admin_id
        where visitor_id = #{visitorId} and review_status = #{reviewStatus}
    </select>

    <select id="incidentMediaRecordVisitor" resultType="Map">
        select media_index AS mediaIndex,storage_path AS storagePath,media_type AS mediaType
        from band.incident_media
        where report_id = #{reportId}
    </select>

    <select id="findIncidentReportById" resultType="boolean">
        select count(*) from band.incident_report
        where report_id = #{reportId}
    </select>

    <select id="findIncidentReportMediaById" resultType="boolean">
        select count(*) from band.incident_media
        where report_id = #{reportId}
    </select>

    <select id="messageCount" resultType="int">
        select count(*) from band.visitor_notification
        where visitor_id = #{visitorId} and read_status = '未读'
    </select>

</mapper>